{
  "summary": {
    "acc_mean": 0.875,
    "acc_std": 0.12997896464428388,
    "f1_mean": 0.8757478606731862,
    "f1_std": 0.13037471027326902,
    "kappa_mean": 0.8333333333333333,
    "kappa_std": 0.1733052861923785,
    "n_folds": 5,
    "mean_fit_sec": 7.724453783035278
  },
  "per_fold_accuracy": [
    0.921875,
    0.625,
    0.9375,
    0.890625,
    1.0
  ],
  "per_fold_macro_f1": [
    0.9242251149926345,
    0.6247708944281525,
    0.9388342030360531,
    0.8909090909090909,
    1.0
  ],
  "per_fold_kappa": [
    0.8958333333333334,
    0.5,
    0.9166666666666666,
    0.8541666666666666,
    1.0
  ],
  "confusion": [
    [
      67,
      0,
      5,
      8
    ],
    [
      2,
      78,
      0,
      0
    ],
    [
      12,
      0,
      65,
      3
    ],
    [
      7,
      0,
      3,
      70
    ]
  ],
  "classes": [
    "left_hand",
    "right_hand",
    "feet",
    "tongue"
  ],
  "y_true": [
    0,
    0,
    0,
    1,
    1,
    1,
    1,
    2,
    2,
    2,
    3,
    3,
    3,
    3,
    0,
    0,
    0,
    0,
    1,
    1,
    1,
    1,
    1,
    2,
    2,
    2,
    2,
    3,
    3,
    3,
    3,
    3,
    0,
    0,
    0,
    0,
    0,
    1,
    1,
    1,
    2,
    2,
    2,
    2,
    3,
    3,
    0,
    0,
    0,
    0,
    1,
    1,
    1,
    1,
    2,
    2,
    2,
    2,
    2,
    3,
    3,
    3,
    3,
    3,
    0,
    0,
    0,
    0,
    1,
    1,
    1,
    2,
    2,
    2,
    2,
    3,
    3,
    3,
    3,
    0,
    0,
    0,
    0,
    1,
    1,
    1,
    1,
    1,
    1,
    1,
    2,
    2,
    2,
    2,
    2,
    3,
    3,
    3,
    3,
    0,
    0,
    0,
    0,
    0,
    1,
    1,
    1,
    1,
    2,
    3,
    3,
    3,
    3,
    3,
    3,
    3,
    0,
    0,
    0,
    1,
    1,
    2,
    2,
    2,
    2,
    2,
    2,
    3,
    0,
    0,
    0,
    1,
    1,
    1,
    1,
    1,
    1,
    2,
    2,
    2,
    3,
    3,
    3,
    3,
    3,
    0,
    0,
    0,
    0,
    1,
    1,
    2,
    2,
    2,
    2,
    2,
    3,
    3,
    0,
    0,
    0,
    1,
    1,
    1,
    2,
    2,
    2,
    2,
    2,
    2,
    3,
    3,
    3,
    0,
    0,
    0,
    0,
    0,
    0,
    1,
    1,
    1,
    1,
    1,
    2,
    2,
    3,
    3,
    3,
    3,
    3,
    3,
    0,
    0,
    0,
    0,
    1,
    1,
    1,
    1,
    2,
    2,
    2,
    2,
    2,
    2,
    3,
    3,
    0,
    0,
    0,
    0,
    0,
    0,
    1,
    1,
    1,
    2,
    2,
    3,
    3,
    3,
    3,
    3,
    0,
    0,
    0,
    0,
    0,
    1,
    1,
    1,
    1,
    2,
    2,
    2,
    2,
    2,
    3,
    3,
    3,
    3,
    0,
    1,
    1,
    1,
    1,
    1,
    2,
    2,
    2,
    3,
    3,
    3,
    3,
    3,
    0,
    0,
    0,
    0,
    0,
    0,
    1,
    1,
    1,
    2,
    2,
    2,
    2,
    3,
    3,
    3,
    3,
    3,
    0,
    0,
    1,
    1,
    1,
    2,
    2,
    2,
    2,
    3,
    3,
    3,
    3,
    0,
    0,
    1,
    1,
    1,
    1,
    1,
    1,
    2,
    2,
    2,
    2,
    3,
    3,
    3,
    3,
    0,
    0,
    0,
    0,
    0,
    0,
    1,
    1,
    1,
    1,
    2,
    2,
    2,
    2,
    3,
    3,
    3
  ],
  "y_pred": [
    0,
    0,
    0,
    1,
    1,
    1,
    1,
    2,
    2,
    2,
    3,
    3,
    3,
    3,
    0,
    0,
    0,
    0,
    1,
    1,
    1,
    1,
    1,
    2,
    2,
    2,
    2,
    3,
    3,
    3,
    3,
    3,
    0,
    0,
    0,
    0,
    0,
    1,
    1,
    1,
    2,
    2,
    2,
    2,
    3,
    3,
    0,
    0,
    0,
    0,
    1,
    1,
    1,
    0,
    2,
    0,
    2,
    0,
    0,
    3,
    3,
    3,
    0,
    3,
    2,
    0,
    2,
    3,
    1,
    1,
    1,
    2,
    2,
    2,
    2,
    3,
    3,
    0,
    3,
    0,
    2,
    3,
    3,
    1,
    1,
    1,
    1,
    1,
    1,
    1,
    2,
    2,
    0,
    3,
    2,
    3,
    3,
    0,
    0,
    0,
    3,
    3,
    0,
    0,
    1,
    1,
    1,
    1,
    2,
    2,
    3,
    2,
    3,
    3,
    0,
    2,
    2,
    0,
    0,
    1,
    1,
    0,
    0,
    0,
    0,
    3,
    3,
    3,
    0,
    0,
    0,
    1,
    1,
    1,
    1,
    1,
    1,
    2,
    2,
    2,
    3,
    3,
    3,
    3,
    3,
    0,
    0,
    0,
    0,
    1,
    1,
    2,
    2,
    2,
    2,
    2,
    3,
    3,
    0,
    0,
    0,
    1,
    1,
    1,
    2,
    2,
    2,
    2,
    2,
    2,
    3,
    3,
    3,
    3,
    0,
    0,
    0,
    0,
    0,
    0,
    1,
    1,
    1,
    1,
    2,
    0,
    0,
    3,
    3,
    3,
    3,
    3,
    0,
    3,
    2,
    0,
    1,
    1,
    1,
    1,
    2,
    2,
    2,
    2,
    2,
    2,
    3,
    3,
    0,
    0,
    0,
    0,
    0,
    0,
    1,
    1,
    1,
    2,
    2,
    3,
    3,
    3,
    3,
    3,
    0,
    0,
    0,
    0,
    3,
    1,
    1,
    1,
    1,
    0,
    2,
    2,
    2,
    2,
    3,
    3,
    3,
    3,
    0,
    1,
    1,
    1,
    1,
    1,
    0,
    0,
    2,
    3,
    3,
    3,
    0,
    3,
    0,
    0,
    0,
    0,
    0,
    0,
    1,
    1,
    1,
    2,
    2,
    2,
    2,
    3,
    3,
    3,
    3,
    3,
    0,
    0,
    1,
    1,
    1,
    2,
    2,
    2,
    2,
    3,
    3,
    3,
    3,
    0,
    0,
    1,
    1,
    1,
    1,
    1,
    1,
    2,
    2,
    2,
    2,
    3,
    3,
    3,
    3,
    0,
    0,
    0,
    0,
    0,
    0,
    1,
    1,
    1,
    1,
    2,
    2,
    2,
    2,
    3,
    3,
    3
  ]
}