{
  "summary": {
    "acc_mean": 0.99375,
    "acc_std": 0.007654655446197431,
    "f1_mean": 0.9937438905180841,
    "f1_std": 0.007662138002840825,
    "kappa_mean": 0.9916666666666666,
    "kappa_std": 0.010206207261596593,
    "n_folds": 5,
    "mean_fit_sec": 1.157053327560425
  },
  "per_fold_accuracy": [
    0.984375,
    0.984375,
    1.0,
    1.0,
    1.0
  ],
  "per_fold_macro_f1": [
    0.9843597262952102,
    0.9843597262952102,
    1.0,
    1.0,
    1.0
  ],
  "per_fold_kappa": [
    0.9791666666666666,
    0.9791666666666666,
    1.0,
    1.0,
    1.0
  ],
  "confusion": [
    [
      80,
      0,
      0,
      0
    ],
    [
      0,
      80,
      0,
      0
    ],
    [
      0,
      1,
      79,
      0
    ],
    [
      0,
      1,
      0,
      79
    ]
  ],
  "classes": [
    "left_hand",
    "right_hand",
    "feet",
    "tongue"
  ],
  "y_true": [
    0,
    0,
    0,
    1,
    1,
    1,
    1,
    2,
    2,
    2,
    3,
    3,
    3,
    3,
    0,
    0,
    0,
    0,
    1,
    1,
    1,
    1,
    1,
    2,
    2,
    2,
    2,
    3,
    3,
    3,
    3,
    3,
    0,
    0,
    0,
    0,
    0,
    1,
    1,
    1,
    2,
    2,
    2,
    2,
    3,
    3,
    0,
    0,
    0,
    0,
    1,
    1,
    1,
    1,
    2,
    2,
    2,
    2,
    2,
    3,
    3,
    3,
    3,
    3,
    0,
    0,
    0,
    0,
    1,
    1,
    1,
    2,
    2,
    2,
    2,
    3,
    3,
    3,
    3,
    0,
    0,
    0,
    0,
    1,
    1,
    1,
    1,
    1,
    1,
    1,
    2,
    2,
    2,
    2,
    2,
    3,
    3,
    3,
    3,
    0,
    0,
    0,
    0,
    0,
    1,
    1,
    1,
    1,
    2,
    3,
    3,
    3,
    3,
    3,
    3,
    3,
    0,
    0,
    0,
    1,
    1,
    2,
    2,
    2,
    2,
    2,
    2,
    3,
    0,
    0,
    0,
    1,
    1,
    1,
    1,
    1,
    1,
    2,
    2,
    2,
    3,
    3,
    3,
    3,
    3,
    0,
    0,
    0,
    0,
    1,
    1,
    2,
    2,
    2,
    2,
    2,
    3,
    3,
    0,
    0,
    0,
    1,
    1,
    1,
    2,
    2,
    2,
    2,
    2,
    2,
    3,
    3,
    3,
    0,
    0,
    0,
    0,
    0,
    0,
    1,
    1,
    1,
    1,
    1,
    2,
    2,
    3,
    3,
    3,
    3,
    3,
    3,
    0,
    0,
    0,
    0,
    1,
    1,
    1,
    1,
    2,
    2,
    2,
    2,
    2,
    2,
    3,
    3,
    0,
    0,
    0,
    0,
    0,
    0,
    1,
    1,
    1,
    2,
    2,
    3,
    3,
    3,
    3,
    3,
    0,
    0,
    0,
    0,
    0,
    1,
    1,
    1,
    1,
    2,
    2,
    2,
    2,
    2,
    3,
    3,
    3,
    3,
    0,
    1,
    1,
    1,
    1,
    1,
    2,
    2,
    2,
    3,
    3,
    3,
    3,
    3,
    0,
    0,
    0,
    0,
    0,
    0,
    1,
    1,
    1,
    2,
    2,
    2,
    2,
    3,
    3,
    3,
    3,
    3,
    0,
    0,
    1,
    1,
    1,
    2,
    2,
    2,
    2,
    3,
    3,
    3,
    3,
    0,
    0,
    1,
    1,
    1,
    1,
    1,
    1,
    2,
    2,
    2,
    2,
    3,
    3,
    3,
    3,
    0,
    0,
    0,
    0,
    0,
    0,
    1,
    1,
    1,
    1,
    2,
    2,
    2,
    2,
    3,
    3,
    3
  ],
  "y_pred": [
    0,
    0,
    0,
    1,
    1,
    1,
    1,
    2,
    2,
    2,
    3,
    3,
    3,
    3,
    0,
    0,
    0,
    0,
    1,
    1,
    1,
    1,
    1,
    2,
    2,
    2,
    2,
    3,
    3,
    3,
    3,
    3,
    0,
    0,
    0,
    0,
    0,
    1,
    1,
    1,
    2,
    2,
    2,
    2,
    3,
    3,
    0,
    0,
    0,
    0,
    1,
    1,
    1,
    1,
    2,
    2,
    2,
    2,
    2,
    3,
    3,
    3,
    1,
    3,
    0,
    0,
    0,
    0,
    1,
    1,
    1,
    2,
    2,
    2,
    2,
    3,
    3,
    3,
    3,
    0,
    0,
    0,
    0,
    1,
    1,
    1,
    1,
    1,
    1,
    1,
    2,
    2,
    2,
    2,
    2,
    3,
    3,
    3,
    3,
    0,
    0,
    0,
    0,
    0,
    1,
    1,
    1,
    1,
    2,
    3,
    3,
    3,
    3,
    3,
    3,
    3,
    0,
    0,
    0,
    1,
    1,
    2,
    2,
    2,
    2,
    2,
    1,
    3,
    0,
    0,
    0,
    1,
    1,
    1,
    1,
    1,
    1,
    2,
    2,
    2,
    3,
    3,
    3,
    3,
    3,
    0,
    0,
    0,
    0,
    1,
    1,
    2,
    2,
    2,
    2,
    2,
    3,
    3,
    0,
    0,
    0,
    1,
    1,
    1,
    2,
    2,
    2,
    2,
    2,
    2,
    3,
    3,
    3,
    0,
    0,
    0,
    0,
    0,
    0,
    1,
    1,
    1,
    1,
    1,
    2,
    2,
    3,
    3,
    3,
    3,
    3,
    3,
    0,
    0,
    0,
    0,
    1,
    1,
    1,
    1,
    2,
    2,
    2,
    2,
    2,
    2,
    3,
    3,
    0,
    0,
    0,
    0,
    0,
    0,
    1,
    1,
    1,
    2,
    2,
    3,
    3,
    3,
    3,
    3,
    0,
    0,
    0,
    0,
    0,
    1,
    1,
    1,
    1,
    2,
    2,
    2,
    2,
    2,
    3,
    3,
    3,
    3,
    0,
    1,
    1,
    1,
    1,
    1,
    2,
    2,
    2,
    3,
    3,
    3,
    3,
    3,
    0,
    0,
    0,
    0,
    0,
    0,
    1,
    1,
    1,
    2,
    2,
    2,
    2,
    3,
    3,
    3,
    3,
    3,
    0,
    0,
    1,
    1,
    1,
    2,
    2,
    2,
    2,
    3,
    3,
    3,
    3,
    0,
    0,
    1,
    1,
    1,
    1,
    1,
    1,
    2,
    2,
    2,
    2,
    3,
    3,
    3,
    3,
    0,
    0,
    0,
    0,
    0,
    0,
    1,
    1,
    1,
    1,
    2,
    2,
    2,
    2,
    3,
    3,
    3
  ]
}